product,average_age,total_customers,average_miles,min_level_fitness,max_level_fitness,income_fitness_correlation,high_income_percentile,max_income,total_miles
KP281,28.5500000000000000,80,82.7875000000000000,1,5,0.005906131129224673,56963.70000000001,68220,6623
KP481,28.9000000000000000,60,87.9333333333333333,1,4,-0.008086112112121503,60374.700000000004,67083,5276
KP781,29.1000000000000000,40,166.9000000000000000,3,5,0.11050724782521293,96239.5,104581,6676
